{
  "threshold": 0.5100000000000002,
  "accuracy": 0.9248414220386487,
  "macro_f1": 0.923931305501333,
  "weighted_f1": 0.9248837673124685,
  "mcc": 0.8479115905980245,
  "auroc": 0.9726228436631013,
  "auprc": 0.9651131502342102
}