{
  "threshold": 0.5000000000000002,
  "accuracy": 0.9255789939519103,
  "macro_f1": 0.9246728816395098,
  "weighted_f1": 0.9256186020893051,
  "mcc": 0.8493892693518231,
  "auroc": 0.9731239388027142,
  "auprc": 0.9657512640476046
}