{
  "ensemble_type": "weighted_logits_average",
  "weights": {
    "banglabert_seed123": 0.0421841558960957,
    "banglabert_seed42": 0.28165590203786495,
    "banglabert_seed456": 0.11634941878810545,
    "muril_seed123": 0.11866164792739331,
    "muril_seed42": 0.1679907235213609,
    "muril_seed456": 0.06644375012813063,
    "xlmr_seed123": 0.010678494420421002,
    "xlmr_seed42": 0.033577693260567004,
    "xlmr_seed456": 0.16245821402006094
  },
  "threshold": 0.5000000000000002,
  "n_models": 9
}