{
  "ensemble_type": "weighted_logits_average",
  "weights": {
    "banglabert_seed123": 0.1111111111111111,
    "banglabert_seed42": 0.1111111111111111,
    "banglabert_seed456": 0.1111111111111111,
    "muril_seed123": 0.1111111111111111,
    "muril_seed42": 0.1111111111111111,
    "muril_seed456": 0.1111111111111111,
    "xlmr_seed123": 0.1111111111111111,
    "xlmr_seed42": 0.1111111111111111,
    "xlmr_seed456": 0.1111111111111111
  },
  "threshold": 0.46000000000000013,
  "n_models": 9
}