{
  "project": "BanglaCyberBench",
  "dataset": {
    "total_samples": 135575,
    "sources": 4,
    "scripts": [
      "bangla",
      "romanized"
    ],
    "classes": 9,
    "splits": {
      "train": 108460,
      "val": 13557,
      "test": 13558
    },
    "binary_ratio": "1.26:1 (not_harmful:harmful)"
  },
  "baselines": {
    "best": "TF-IDF + Random Forest",
    "best_binary_f1": 0.909
  },
  "transformers_averaged": {
    "banglabert": {
      "binary_f1": "0.9071\u00b10.0030",
      "abuse_f1": "0.7407\u00b10.0025"
    },
    "muril": {
      "binary_f1": "0.9058\u00b10.0009",
      "abuse_f1": "0.7303\u00b10.0042"
    },
    "xlmr": {
      "binary_f1": "0.8960\u00b10.0032",
      "abuse_f1": "0.7114\u00b10.0041"
    }
  },
  "ensemble": {
    "binary": {
      "threshold": 0.5000000000000002,
      "accuracy": 0.9255789939519103,
      "macro_f1": 0.9246728816395098,
      "weighted_f1": 0.9256186020893051,
      "mcc": 0.8493892693518231,
      "auroc": 0.9731239388027142,
      "auprc": 0.9657512640476046
    },
    "abuse_type": {
      "macro_f1": 0.7746,
      "accuracy": 0.8688
    },
    "weights": {
      "banglabert_seed123": 0.0421841558960957,
      "banglabert_seed42": 0.28165590203786495,
      "banglabert_seed456": 0.11634941878810545,
      "muril_seed123": 0.11866164792739331,
      "muril_seed42": 0.1679907235213609,
      "muril_seed456": 0.06644375012813063,
      "xlmr_seed123": 0.010678494420421002,
      "xlmr_seed42": 0.033577693260567004,
      "xlmr_seed456": 0.16245821402006094
    },
    "threshold": 0.5000000000000002
  },
  "ablations": [
    {
      "tag": "full_multitask",
      "best_val_score": 0.8381,
      "binary_macro_f1": 0.9081,
      "binary_accuracy": 0.909,
      "binary_mcc": 0.8166,
      "binary_weighted_f1": 0.9091,
      "abuse_type_macro_f1": 0.7424,
      "abuse_type_accuracy": 0.8439,
      "abuse_type_mcc": 0.7554,
      "abuse_type_weighted_f1": 0.8452,
      "delta_binary": 0.0,
      "delta_abuse": 0.0
    },
    {
      "tag": "binary_only",
      "best_val_score": 0.913,
      "binary_macro_f1": 0.9138,
      "binary_accuracy": 0.9147,
      "binary_mcc": 0.8278,
      "binary_weighted_f1": 0.9148,
      "abuse_type_macro_f1": NaN,
      "abuse_type_accuracy": NaN,
      "abuse_type_mcc": NaN,
      "abuse_type_weighted_f1": NaN,
      "delta_binary": 0.0057,
      "delta_abuse": -0.7424
    },
    {
      "tag": "no_focal",
      "best_val_score": 0.8394,
      "binary_macro_f1": 0.9109,
      "binary_accuracy": 0.9119,
      "binary_mcc": 0.8219,
      "binary_weighted_f1": 0.912,
      "abuse_type_macro_f1": 0.7444,
      "abuse_type_accuracy": 0.8502,
      "abuse_type_mcc": 0.7631,
      "abuse_type_weighted_f1": 0.8503,
      "delta_binary": 0.0028,
      "delta_abuse": 0.002
    },
    {
      "tag": "no_lrdecay",
      "best_val_score": 0.8587,
      "binary_macro_f1": 0.9266,
      "binary_accuracy": 0.9275,
      "binary_mcc": 0.8533,
      "binary_weighted_f1": 0.9275,
      "abuse_type_macro_f1": 0.7826,
      "abuse_type_accuracy": 0.872,
      "abuse_type_mcc": 0.7981,
      "abuse_type_weighted_f1": 0.8723,
      "delta_binary": 0.0185,
      "delta_abuse": 0.0402
    },
    {
      "tag": "no_preprocessing",
      "best_val_score": 0.8291,
      "binary_macro_f1": 0.9067,
      "binary_accuracy": 0.9076,
      "binary_mcc": 0.8137,
      "binary_weighted_f1": 0.9077,
      "abuse_type_macro_f1": 0.7349,
      "abuse_type_accuracy": 0.8355,
      "abuse_type_mcc": 0.7421,
      "abuse_type_weighted_f1": 0.8368,
      "delta_binary": -0.0014,
      "delta_abuse": -0.0075
    }
  ],
  "robustness": [
    {
      "split": "random_test (in-domain)",
      "n": 13558,
      "macro_f1": 0.9245,
      "weighted_f1": 0.9254,
      "accuracy": 0.9254,
      "mcc": 0.8489,
      "auroc": 0.9738
    },
    {
      "split": "source_holdout_banth",
      "n": 73999,
      "macro_f1": 0.9777,
      "weighted_f1": 0.9819,
      "accuracy": 0.9819,
      "mcc": 0.9554,
      "auroc": 0.9959
    },
    {
      "split": "source_holdout_bd_shs",
      "n": 5029,
      "macro_f1": 0.9342,
      "weighted_f1": 0.9341,
      "accuracy": 0.9342,
      "mcc": 0.8744,
      "auroc": 0.9926
    },
    {
      "split": "source_holdout_facebook_44001",
      "n": 44001,
      "macro_f1": 0.9736,
      "weighted_f1": 0.9761,
      "accuracy": 0.9761,
      "mcc": 0.9473,
      "auroc": 0.9952
    },
    {
      "split": "source_holdout_multilabel_12557",
      "n": 12546,
      "macro_f1": 0.9304,
      "weighted_f1": 0.9358,
      "accuracy": 0.9357,
      "mcc": 0.8608,
      "auroc": 0.9799
    },
    {
      "split": "script_holdout_romanized",
      "n": 73999,
      "macro_f1": 0.9777,
      "weighted_f1": 0.9819,
      "accuracy": 0.9819,
      "mcc": 0.9554,
      "auroc": 0.9959
    }
  ],
  "error_analysis": {
    "total_FP": 537,
    "total_FN": 472,
    "error_rate": 0.074,
    "by_source": {
      "banth": 0.0568,
      "bd_shs": 0.1445,
      "facebook_44001": 0.0826,
      "multilabel_12557": 0.1248
    },
    "by_script": {
      "bangla": 0.0957,
      "romanized": 0.0568
    }
  }
}